INSERT INTO cidade VALUES ('Aracaju', 'SE', -10.9095, -37.0748);
INSERT INTO cidade VALUES ('Rio de Janeiro', 'RJ', -22.9035, -43.2096);
INSERT INTO cidade VALUES ('São Paulo', 'SP', -23.5489, -46.6388);
INSERT INTO bemcultural VALUES (1, 'Palácio Olímpio Campos', 'Aracaju', 'SE', 3.34, 'EDFTOMBADA', 'O Palácio Olímpio Campos é um palácio localizado em Aracaju, Sergipe. Inaugurado em 1863, o prédio foi a sede do governo do estado de Sergipe até 1995. Em 2010 foi transformado em um museu.
O imperador Dom Pedro II visitou o palácio, ainda em obras, em 10 de janeiro de 1860.', CURRENT_TIMESTAMP);
INSERT INTO bemcultural VALUES (2, 'Catedral Metropolitana', 'Aracaju', 'SE', 0.75, 'EDFTOMBADA', 'Igreja Nossa Senhora da Conceição ou Catedral Metropolitana de Aracaju, foi construída em 1862, mas só foi inaugurada em 22 de dezembro de 1875. Tornou-se Catedral em três de janeiro de 1910. Sua arquitetura está ligada aos elementos marcantes do neoclassicismo e do neogótico com arcos orgivais. Foi tombado pelo decreto de número 6819, de 28 de janeiro de 1985.', CURRENT_TIMESTAMP);
INSERT INTO bemcultural VALUES (3, 'Orla de Atalaia', 'Aracaju', 'SE', 1.87, 'ESPACOPUBLICO', 'Os Arcos da Orla de Atalaia são um dos cartões postais mais famosos da cidade de Aracaju e do Estado de Sergipe. Símbolo maior do local, ficam na calçada da praia de mesmo nome e são um ponto turístico importante do município. O cenário é perfeito para fotografias, pois, logo à frente, há uma instalação de um letreiro com a frase "Eu amo Aracaju". As letras são da altura de um adulto e permitem que, com criatividade, sejam feitos ótimos cliques.', CURRENT_TIMESTAMP);
INSERT INTO bemcultural VALUES (4, 'Oceanário de Aracaju', 'Aracaju', 'SE', 3.22, 'ESPACOPUBLICO', 'Conhecido também como Oceanário de Aracaju, por abrigar mais de 70 espécies de animais marinhos, é o primeiro oceanário do Nordeste. Foi criado, construído e é mantido e administrado pela Fundação Pró-Tamar, através da coordenação regional do Projeto Tamar em Sergipe. Instalado na praia da Atalaia, a 500m do mar, tem área construída de 1.700 m², na forma de uma tartaruga gigante. É um dos atrativos turísticos de Aracaju, destacando-se na moderna e revitalizada Orla de Atalaia. Através de atividades regulares, como alimentação dos animais, palestras e exposições, favorece a sensibilização de moradores e visitantes na conservação do ecossistema marinho e das riquezas do rio São Francisco. Atividades interativas, mostras de vídeo e pales e palestras junto aos aquários, permitem aos visitantes aprenderem sobre o ecossistema do litoral sergipano e conhecerem diversas espécies de animais marinhos.', CURRENT_TIMESTAMP);
INSERT INTO bemcultural VALUES (5, 'Zélia', 'Aracaju', 'SE', 3.08, 'FILME', 'É um filme ensaio composto de imagens de arquivo, que acompanha o desmonte do apartamento de Dona Zélia, sua morte e a repercussão disso, através do olhar de Lucas Menezes, seu neto mais novo e também diretor do filme', CURRENT_TIMESTAMP);
INSERT INTO bemcultural VALUES (6, 'A bondade dos estranhos', 'Aracaju', 'SE', 1.46, 'FILME', 'O filme apresenta a experiência de um viajante (Canô) que escreve uma carta para uma escola de cinema, contando sua vivência viajando 20 estados brasileiros e 8 países da América do Sul, hospedando-se nas casas de pessoas desconhecidas, por intermédio do aplicativo Couchsurfing, uma rede colaborativa que conecta viajantes a pessoas dispostas a hospedá-los.', CURRENT_TIMESTAMP);
INSERT INTO bemcultural VALUES (7, 'Monumento aos Formadores de Nacionalidade', 'Aracaju', 'SE', 2.38, 'MONUMENTO', 'O Monumento aos Formadores de Nacionalidade é um monumento público localizado em Aracaju, Sergipe, Brasil.

Foi construído como forma de homenagem a personalidades da história do país, desde imperadores, princesas e presidentes até líderes quilombolas e de marcos para alguns estados, como Joaquim José da Silva Xavier, Zumbi dos Palmares, Dom Pedro II, José Bonifácio de Andrade e Silva, Joaquim Nabuco, Princesa Isabel, Duque de Caxias, Barão do Rio Branco, Getúlio Vargas e Juscelino Kubitschek.', CURRENT_TIMESTAMP);
INSERT INTO bemcultural VALUES (8, 'Largo da Gente Sergipana', 'Aracaju', 'SE', 1.62, 'MONUMENTO', 'O Largo da Gente Sergipana é um monumento localizado em Aracaju, Sergipe, Brasil, que homenageia os movimentos culturais e a identidade do povo sergipano.

O monumento consiste num total de oito estátuas, que representam, cada uma, diversas manifestações folclóricas típicas.', CURRENT_TIMESTAMP);
INSERT INTO bemcultural VALUES (9, 'Coco da Capsulana', 'Aracaju', 'SE', 3.84, 'MUSICA', '', CURRENT_TIMESTAMP);
INSERT INTO bemcultural VALUES (10, 'Ruas de Ará', 'Aracaju', 'SE', 2.17, 'MUSICA', '', CURRENT_TIMESTAMP);
INSERT INTO bemcultural VALUES (11, 'Cacique Chá (1949)', 'Aracaju', 'SE', 0.40, 'OBRA', '', CURRENT_TIMESTAMP);
INSERT INTO bemcultural VALUES (13, 'Instituto Biológico', 'São Paulo', 'SP', 4.96, 'EDFTOMBADA', 'Uma das referências da Vila Mariana, o imponente edifício em estilo Art Déco foi projetado por Mário Whately e inaugurado na década de 1930. Além das atividades científicas voltadas ao desenvolvimento agrícola e de equipamentos como o museu e a biblioteca, outro grande atrativo do complexo é o seu cafezal – com mais de 1.530 pés – plantado nos anos 1950 para pesquisas. Hoje é o maior exemplar em área urbana do país com funções didáticas e culturais, e há cerca de dez anos, no mês de maio, ali é realizada uma colheita de café aberta ao público, cujos grãos são doados ao Fundo de Solidariedade e Desenvolvimento Social e Cultural do Estado de São Paulo.', CURRENT_TIMESTAMP);
INSERT INTO bemcultural VALUES (14, 'Oficina Cultural Oswald de Andrade', 'São Paulo', 'SP', 0.69, 'EDFTOMBADA', 'Funcionando desde 1987 na antiga Escola de Farmácia de São Paulo, este centro de cultura é, assim como a Casa Mário de Andrade, uma das quatro unidades do programa de Oficinas Culturais da Secretaria de Cultura estadual na cidade. São oferecidas atividades gratuitas, como exposições, cursos, palestras e workshops, neste que é um emblemático edifício do bairro do Bom Retiro, projeto do escritório Rosa Martins e Fomm inaugurado em 1905.', CURRENT_TIMESTAMP);
INSERT INTO bemcultural VALUES (15, 'Museu de Saúde Pública Emílio Ribas', 'São Paulo', 'SP', 2.79, 'ESPACOPUBLICO', 'Praticamente uma joia arquitetônica quase – e injustamente – desconhecida, é uma das mais antigas construções preservadas no Bom Retiro. Antigo Desinfectório Central – onde eram tratadas doenças infecto-contagiosas e se combatia epidemias, dentre outras atividades e serviços sanitários – e Hospital Emílio Ribas, foi inaugurado em 1893 e hoje abriga o museu dedicado à história da saúde pública, que é administrado pelo Instituto Butantan desde 2010. ', CURRENT_TIMESTAMP);
INSERT INTO bemcultural VALUES (16, 'Museu de Arte de São Paulo', 'São Paulo', 'SP', 4.51, 'ESPACOPUBLICO', 'Chateaubriand (mais conhecido pelo acrônimo MASP) é um centro cultural e museu brasileiro concebido em 1947 idealizado pelo jornalista paraibano Assis Chateaubriand com o crítico de arte italiano Pietro Bardi.', CURRENT_TIMESTAMP);
INSERT INTO bemcultural VALUES (17, 'Sai da frente', 'São Paulo', 'SP', 2.98, 'FILME', 'Este filme é a estréia de Mazzaropi no cinema, que até então era artista de circo, rádio e televisão. O longa conta a história de Isidoro, dono do caminhão Anastácio, que é contratado para transportar alguns móveis para Santos. No filme, há cenas da Via Anchieta, recém-inaugurada naquele momento, Santos e São Paulo. No caminho até o Porto de Santos, Isidoro provoca inúmeras situações cômicas, que se iniciam com a descoberta de uma jovem noiva, que fugiu em pleno cortejo de seu casamento, escondida num armário.', CURRENT_TIMESTAMP);
INSERT INTO bemcultural VALUES (18, 'O Gato de Madame', 'São Paulo', 'SP', 3.48, 'FILME', 'Mazzaropi é Arlindo, um engraxate que passa a ser “perseguido” por um gato que se afeiçoa a ele. Assim, acaba sem querer sendo alvo de uma quadrilha de bandidos mafiosos no estilo dos filmes americanos, loucos para colocar as mãos no gato e abocanhar a recompensa que uma madame cheia da nota está oferecendo. Na fuga, ele se depara com muitas confusões que incluem um encontro inusitado com D. Pedro I no Museu do Ipiranga, um concurso de Miss e até uma inesperada visita a um centro espírita, onde é confundido com uma alma.', CURRENT_TIMESTAMP);
INSERT INTO bemcultural VALUES (19, 'Monumento às Bandeiras', 'São Paulo', 'SP', 1.46, 'MONUMENTO', 'A obra de 12 metros de altura representa os bandeirantes que desbravaram o país, expandindo as fronteiras do estado.', CURRENT_TIMESTAMP);
INSERT INTO bemcultural VALUES (20, 'Monumento a Pedro Álvares Cabral', 'São Paulo', 'SP', 4.57, 'MONUMENTO', 'Uma escultura que mede cerca de 5 metros de altura, relembra justamente o descobrimento do Brasil, início de uma história que teve contornos decisivos depois do fim da Colônia e o início do Império.', CURRENT_TIMESTAMP);
INSERT INTO bemcultural VALUES (21, 'Trem das Onze', 'São Paulo', 'SP', 4.51, 'MUSICA', 'De longe o maior clássico entre as músicas que homenageiam a cidade. A obra é a mais conhecida de Adoniran Barbosa, um símbolo da capital. A letra, que fala de um jovem que precisa ir embora para o Jaçanã, antes que perca o último trem do dia, tornou o bairro conhecido em todo lado. ', CURRENT_TIMESTAMP);
INSERT INTO bemcultural VALUES (22, 'Sampa Midnight', 'São Paulo', 'SP', 4.44, 'MUSICA', 'O conhecido compositor Itamar Assumpção foi o artista que mais cantou sobre São Paulo. Foram 25 canções escritas sobre a cidade, uma a mais que Adoniran Barbosa.  Na música, Sampa Midnight, ele narra a noite de amigos bêbados que cruzam a Avenida Paulista. ', CURRENT_TIMESTAMP);
INSERT INTO bemcultural VALUES (23, 'Rosa e Azul', 'São Paulo', 'SP', 4.10, 'OBRA', 'Rosa e Azul (alternativamente intitulada As Meninas Cahen d’Anvers) é uma célebre pintura a óleo sobre tela do artista impressionista francês Pierre-Auguste Renoir. Produzida em Paris no ano de 1881, a obra retrata as irmãs Alice e Elisabeth, filhas do banqueiro judeu Louis Raphael Cahen d’Anvers. É considerada um dos mais populares ícones da coleção do Museu de Arte de São Paulo, onde se encontra conservada desde 1952.', CURRENT_TIMESTAMP);
INSERT INTO bemcultural VALUES (24, 'A Estudante', 'São Paulo', 'SP', 1.55, 'OBRA', 'Em A Estudante, Anita Malfatti faz uso de certa deformação moderada, procurando fugir de modelos clássicos. A técnica, que contava com tintas diluidas aplicadas à tela, causou grande alvoroço na elite provinciana de São Paulo, incluindo até mesmo monteiro lobato.', CURRENT_TIMESTAMP);
INSERT INTO bemcultural VALUES (25, 'Figueira', 'Rio de Janeiro', 'RJ', 2.70, 'EDFTOMBADA', 'A Figueira foi tombada pela Prefeitura Municipal do Rio de Janeiro-RJ por sua importância natural, histórica e cultural.', CURRENT_TIMESTAMP);
INSERT INTO bemcultural VALUES (26, 'Castelinho do Flamengo', 'Rio de Janeiro', 'RJ', 1.07, 'EDFTOMBADA', 'Há um lugar no bairro do Flamengo que ao mesmo tempo em que expõem beleza, esconde uma assustadora história. O “Castelinho”, como é conhecido o hoje centro cultural Oduvaldo Viana Filho é mais uma construção carioca que tem muita história para contar.', CURRENT_TIMESTAMP);
INSERT INTO bemcultural VALUES (27, 'Museu de Arte Moderna do Rio de Janeiro ', 'Rio de Janeiro', 'RJ', 0.61, 'ESPACOPUBLICO', 'O Museu de Arte Moderna do Rio de Janeiro (MAM Rio) é uma das mais importantes instituições culturais do Brasil. Localiza-se na cidade do Rio de Janeiro, no Parque do Flamengo, entre o Monumento Nacional aos Mortos da Segunda Guerra Mundial e o Aeroporto Santos Dumont, próximo ao centro histórico do Rio. ', CURRENT_TIMESTAMP);
INSERT INTO bemcultural VALUES (28, 'Bondinho', 'Rio de Janeiro', 'RJ', 2.13, 'ESPACOPUBLICO', 'Conhecer o Rio de Janeiro e não subir o Bondinho do Pão de Açúcar é igual ir a Roma e não ver o Papa. É como se você não tivesse visitado a capital fluminense. Por ano, cerca de 1,5 milhão de pessoas viajam pelas estações da Praia Vermelha, Morro da Urca e do Pão de Açúcar. Um dos cartões postais mais visitados do país e do mundo. Um tour inesquecível.', CURRENT_TIMESTAMP);
INSERT INTO bemcultural VALUES (29, 'Central do Brasil', 'Rio de Janeiro', 'RJ', 2.25, 'FILME', 'Dora (Fernanda Montenegro) trabalha escrevendo cartas para analfabetos na Central do Brasil, um dos cartões-postais do Centro do Rio de Janeiro. Ainda que a escrivã não envie todas as cartas que escreve – as que considera inúteis ou fantasiosas demais acaba descartando -, ela decide ajudar um menino, Josué (Vinícius de Oliveira), após sua mãe morrer atropelada, a tentar encontrar o pai que nunca conheceu, no interior do Nordeste.', CURRENT_TIMESTAMP);
INSERT INTO bemcultural VALUES (30, 'Tropa de Elite', 'Rio de Janeiro', 'RJ', 4.92, 'FILME', 'O dia a dia do grupo de agentes que formam o Batalhão de Operações Policiais Especiais (Bope) no Rio de Janeiro e de Roberto Nascimento (Wagner Moura), um capitão que quer deixar a corporação e tenta encontrar um substituto para seu posto. Paralelamente, os amigos Neto (Caio Junqueira) e Matias (André Ramiro), se tornam policiais e se destacam pela honestidade e honra ao realizar suas funções, se indignando com a corrupção existente no batalhão em que atuam.', CURRENT_TIMESTAMP);
INSERT INTO bemcultural VALUES (31, 'Cristo Redentor', 'Rio de Janeiro', 'RJ', 2.94, 'MONUMENTO', 'No alto do morro do Corcovado está instalado o Cristo Redentor, um dos pontos turísticos mais procurados do Rio de Janeiro. Maior e mais famosa escultura Art Déco do mundo, a estátua do Cristo Redentor começou a ser planejada em 1921 e foi desenvolvida pelo engenheiro Heitor da Silva Costa ao longo de cinco anos de trabalho, de 1926 a 1931, o ano de inauguração do monumento.', CURRENT_TIMESTAMP);
INSERT INTO bemcultural VALUES (32, 'Arcos da Lapa', 'Rio de Janeiro', 'RJ', 2.86, 'MONUMENTO', 'Localizados na região da Lapa, os arcos são um ponto histórico no Rio de Janeiro. Um dos cartões postais da cidade, foi a maior obra arquitetônica empreendida na era do Brasil Colonial. A estrutura em estilo românico tem sua conservação mantida pelo poder público e, de vez em quando, serve de pano de fundo para muitos eventos culturais.', CURRENT_TIMESTAMP);
INSERT INTO bemcultural VALUES (33, 'Do Leme ao Pontal', 'Rio de Janeiro', 'RJ', 2.45, 'MUSICA', '', CURRENT_TIMESTAMP);
INSERT INTO bemcultural VALUES (34, 'Garota de Ipanema', 'Rio de Janeiro', 'RJ', 1.59, 'MUSICA', '', CURRENT_TIMESTAMP);
INSERT INTO bemcultural VALUES (35, '21 Petites Sculptures en Cheveux', 'Rio de Janeiro', 'RJ', 4.36, 'OBRA', '', CURRENT_TIMESTAMP);
INSERT INTO bemcultural VALUES (36, 'A Bordo do Navio Mariz e Barros', 'Rio de Janeiro', 'RJ', 0.71, 'OBRA', ' ', CURRENT_TIMESTAMP);
INSERT INTO bemcultural VALUES (37, 'Cinemateca de Sergipe', 'Aracaju', 'SE', 4.23, 'ESPACOPUBLICO', 'Venha conferir os filmes da nossa terra!', CURRENT_TIMESTAMP);
INSERT INTO bemcultural VALUES (38, 'Museu de Sergipe', 'Aracaju', 'SE', 2.55, 'ESPACOPUBLICO', 'O museu guarda toda a história de Sergipe.', CURRENT_TIMESTAMP);
INSERT INTO bemcultural VALUES (39, 'Estudio Municipal', 'Aracaju', 'SE', 1.24, 'ESPACOPUBLICO', 'Conheça as músicas da nossa gente!', CURRENT_TIMESTAMP);



INSERT INTO BemCultural_PalavrasChave VALUES (1, 'palácio');
INSERT INTO BemCultural_PalavrasChave VALUES (2, 'catedral');
INSERT INTO BemCultural_PalavrasChave VALUES (2, 'igreja');
INSERT INTO BemCultural_PalavrasChave VALUES (3, 'orla');
INSERT INTO BemCultural_PalavrasChave VALUES (3, 'praia');
INSERT INTO BemCultural_PalavrasChave VALUES (4, 'oceanário');
INSERT INTO BemCultural_PalavrasChave VALUES (4, 'tamar');
INSERT INTO BemCultural_PalavrasChave VALUES (7, 'nacionalidade');
INSERT INTO BemCultural_PalavrasChave VALUES (7, 'orla');
INSERT INTO BemCultural_PalavrasChave VALUES (8, 'boneco');
INSERT INTO BemCultural_PalavrasChave VALUES (8, 'centro da cidade');
INSERT INTO BemCultural_PalavrasChave VALUES (13, 'instituto');
INSERT INTO BemCultural_PalavrasChave VALUES (13, 'pesquisa');
INSERT INTO BemCultural_PalavrasChave VALUES (14, 'arte');
INSERT INTO BemCultural_PalavrasChave VALUES (14, 'aprender');
INSERT INTO BemCultural_PalavrasChave VALUES (15, 'saúde');
INSERT INTO BemCultural_PalavrasChave VALUES (16, 'masp');
INSERT INTO BemCultural_PalavrasChave VALUES (16, 'avenida paulista');
INSERT INTO BemCultural_PalavrasChave VALUES (19, 'bandeirantes');
INSERT INTO BemCultural_PalavrasChave VALUES (19, 'escultura');
INSERT INTO BemCultural_PalavrasChave VALUES (20, 'descobrimento');
INSERT INTO BemCultural_PalavrasChave VALUES (20, 'brasil');
INSERT INTO BemCultural_PalavrasChave VALUES (26, 'flamengo');
INSERT INTO BemCultural_PalavrasChave VALUES (27, 'arte moderna');
INSERT INTO BemCultural_PalavrasChave VALUES (28, 'pao de açúcar');
INSERT INTO BemCultural_PalavrasChave VALUES (31, 'foto');
INSERT INTO BemCultural_PalavrasChave VALUES (31, 'pao de açúcar');
INSERT INTO BemCultural_PalavrasChave VALUES (32, 'arco');
INSERT INTO BemCultural_PalavrasChave VALUES (32, 'lapa');



INSERT INTO EspacoPublico VALUES (3, DEFAULT,True, False, False, False);
INSERT INTO EspacoPublico VALUES (4, DEFAULT,True, False, False, False);
INSERT INTO EspacoPublico VALUES (15, DEFAULT,True, True, False, False);
INSERT INTO EspacoPublico VALUES (16, DEFAULT,True, True, True, True);
INSERT INTO EspacoPublico VALUES (27, DEFAULT,True, True, True, True);
INSERT INTO EspacoPublico VALUES (28, DEFAULT,True, False, False, False);
INSERT INTO EspacoPublico VALUES (37, DEFAULT,True, True, False, True);
INSERT INTO EspacoPublico VALUES (38, DEFAULT,True, True, False, False);
INSERT INTO EspacoPublico VALUES (39, DEFAULT,True, True, True, False);






INSERT INTO Museu VALUES (15);
INSERT INTO Museu VALUES (16);
INSERT INTO Museu VALUES (27);
INSERT INTO Museu VALUES (37);
INSERT INTO Museu VALUES (38);
INSERT INTO Museu VALUES (39);



INSERT INTO Estudio VALUES (16);
INSERT INTO Estudio VALUES (27);
INSERT INTO Estudio VALUES (39);



INSERT INTO Cinemateca VALUES (16);
INSERT INTO Cinemateca VALUES (27);
INSERT INTO Cinemateca VALUES (37);



INSERT INTO Monumento VALUES (32, DEFAULT);
INSERT INTO Monumento VALUES (31, DEFAULT);
INSERT INTO Monumento VALUES (8, DEFAULT);
INSERT INTO Monumento VALUES (20, DEFAULT);
INSERT INTO Monumento VALUES (7, DEFAULT);
INSERT INTO Monumento VALUES (19, DEFAULT);



INSERT INTO EdificacaoTombada VALUES (26, DEFAULT);
INSERT INTO EdificacaoTombada VALUES (2, DEFAULT);
INSERT INTO EdificacaoTombada VALUES (25, DEFAULT);
INSERT INTO EdificacaoTombada VALUES (13, DEFAULT);
INSERT INTO EdificacaoTombada VALUES (14, DEFAULT);
INSERT INTO EdificacaoTombada VALUES (1, DEFAULT);
INSERT INTO EdificacaoTombada VALUES (28, DEFAULT);



INSERT INTO EdificacaoTombada_Proprietarios VALUES (1, '23631994800', 'Juan');
INSERT INTO EdificacaoTombada_Proprietarios VALUES (1, '22964289232', 'Karina');
INSERT INTO EdificacaoTombada_Proprietarios VALUES (2, '24550035890', 'Carol');
INSERT INTO EdificacaoTombada_Proprietarios VALUES (2, '12338482890', 'Artur');
INSERT INTO EdificacaoTombada_Proprietarios VALUES (13, '45691643872', 'Bianca');
INSERT INTO EdificacaoTombada_Proprietarios VALUES (13, '34598417823', 'Cairon');
INSERT INTO EdificacaoTombada_Proprietarios VALUES (14, '78910264916', 'Marina');
INSERT INTO EdificacaoTombada_Proprietarios VALUES (14, '14593666876', 'Daniel');
INSERT INTO EdificacaoTombada_Proprietarios VALUES (25, '87837089813', 'Eduardo');
INSERT INTO EdificacaoTombada_Proprietarios VALUES (25, '75650214667', 'Estevam');
INSERT INTO EdificacaoTombada_Proprietarios VALUES (26, '64763475098', 'Fernanda');
INSERT INTO EdificacaoTombada_Proprietarios VALUES (26, '35650464854', 'Fernando');
INSERT INTO EdificacaoTombada_Proprietarios VALUES (28, '56054454816', 'Gabriel');
INSERT INTO EdificacaoTombada_Proprietarios VALUES (28, '23767892819', 'Gustavo');



INSERT INTO Obra VALUES (35, 27, 1974, 'Colagem', 'Corda, cabelo e metal sobre xerox colada em papel', '28,20;20,60');
INSERT INTO Obra VALUES (36, 27, 1956, 'Fotografia', 'Matriz-negativo', '25;25');
INSERT INTO Obra VALUES (24, 16, 1916, 'Pintura', 'Óleo sobre tela', '76,5;61');
INSERT INTO Obra VALUES (11, 38, 03/07/2019, 'Pintura', 'Pintura em Painel', '300;500');
INSERT INTO Obra VALUES (23, 16, 1881, 'Pintura', 'Óleo sobre tela', '119;74');



INSERT INTO Obra_Autores VALUES (35, 'Artur Barrio Corda');
INSERT INTO Obra_Autores VALUES (36, 'José Medeiros');
INSERT INTO Obra_Autores VALUES (24, 'Anita Malfatti');
INSERT INTO Obra_Autores VALUES (11, 'Jenner Augusto e Mário Britto');
INSERT INTO Obra_Autores VALUES (23, 'Pierre Auguste Renoir');



INSERT INTO Musica VALUES (9, 39, 1974, 'SONY', 180.00, 'Vinil');



INSERT INTO Musica VALUES (10, 39, 1956, 'SONY', 90.00, 'MP3');



INSERT INTO Musica VALUES (21, 16, 1916, 'UNIVERSAL', 240.00, 'Fita');



INSERT INTO Musica VALUES (22, 16, 2019, 'SOM LIVRE', 400.00, 'Fita');



INSERT INTO Musica VALUES (33, 27, 2019, 'SOM LIVRE', 120.00, 'MP3');



INSERT INTO Musica VALUES (34, 27, 2019, 'SONY', 180.00, 'Vinil');



INSERT INTO Musica_Genero VALUES (9, 'Forró');
INSERT INTO Musica_Genero VALUES (9, 'Pé de Serra');
INSERT INTO Musica_Genero VALUES (10, 'Folclória');
INSERT INTO Musica_Genero VALUES (10, 'Popular');
INSERT INTO Musica_Genero VALUES (21, 'Samba');
INSERT INTO Musica_Genero VALUES (22, 'Independente');
INSERT INTO Musica_Genero VALUES (22, 'MPB');
INSERT INTO Musica_Genero VALUES (33, 'MPB');
INSERT INTO Musica_Genero VALUES (34, 'MPB');
INSERT INTO Musica_Genero VALUES (34, 'Samba');



INSERT INTO Musica_Compositor VALUES (9, 'Amorosa');
INSERT INTO Musica_Compositor VALUES (10, 'Paulo Lobo');
INSERT INTO Musica_Compositor VALUES (10, 'Antônio Rogério');
INSERT INTO Musica_Compositor VALUES (10, 'Chiko Queiroga');
INSERT INTO Musica_Compositor VALUES (21, 'Adoniran Barbosa');
INSERT INTO Musica_Compositor VALUES (22, 'Itamar Assumpção');
INSERT INTO Musica_Compositor VALUES (33, 'Tim Maia');
INSERT INTO Musica_Compositor VALUES (34, 'Tom Jobim');



INSERT INTO Filme VALUES (6, 37);
INSERT INTO Filme VALUES (29, 27);
INSERT INTO Filme VALUES (18, 16);
INSERT INTO Filme VALUES (17, 16);
INSERT INTO Filme VALUES (30, 27);
INSERT INTO Filme VALUES (5, 37);



INSERT INTO Filme_Creditos VALUES (6, 'Juliana Vila Nova, Eudaldo Monção', 'Diretor');
INSERT INTO Filme_Creditos VALUES (29, 'Walter Salles', 'Diretor');
INSERT INTO Filme_Creditos VALUES (18, 'Agostinho Martins Pereira', 'Diretor');
INSERT INTO Filme_Creditos VALUES (17, 'Abílio Pereira de Almeida', 'Diretor');
INSERT INTO Filme_Creditos VALUES (30, 'José Padilha', 'Diretor');
INSERT INTO Filme_Creditos VALUES (5, 'Lucas Menezes', 'Diretor');



INSERT INTO Cidadao VALUES ('AAAAAAAAAAAAAAAAAAAA', 0, 0, 'João', '000.000.000-01', 'n%5g76ci9$YjsxWbiGBH3NA5VADxLbQsjjXMk!$$hQ3@eCRDbU94n$$s%DA^SgAksyHxU%u2Brv#dY2LknALoGh9YGypRGxvU3Kt');
INSERT INTO Cidadao VALUES ('BBBBBBBBBBBBBBBBBBBB', 0, 0, 'Pedro', '000.000.000-02', 'xZ^owNQH$#jWf2qS5wrstf$xN!Lne@#3ge&97eF#%G74!CKkGcG@75W7X%^YXCd&7WMEGws5NZe&i&v@ELPzN!Rqv4hyjs7Eh4T7');
INSERT INTO Cidadao VALUES ('CCCCCCCCCCCCCCCCCCCC', 0, 0, 'Marcos', '000.000.000-03', 't$sPJQdQw3gNEpa9!nyUiz9$FyJdcuN5E4Ps9&aRo!GsYmwx55y7$mnqz4j3woqhuAmKMHYE@@Kt@H*b*5kekrKscA@C!zqbjs$S');
INSERT INTO Cidadao VALUES ('DDDDDDDDDDDDDDDDDDDD', 0, 0, 'Silva', '000.000.000-04', 'dW4igdpE$MXNZpw@BUWfVSgpy^&7jTdpmYstew%7jhdk2tq5S^v9WuVR53qyAdPPQ%QoixzTRRKGorhyJ24Vgi^rrVe5oj*Dn%zK');
INSERT INTO Cidadao VALUES ('EEEEEEEEEEEEEEEEEEEE', 0, 0, 'Luana', '000.000.000-05', 'Vjn8eVsfMANhvGxMrt8GjHtYnr9v^i^M#qsJvf!k%3joFXp3#%bUQT8x$vuR#$W9mLUj#nhkFC3ePP8VmRx^BDGfMEt&7&Eq8jbg');
INSERT INTO Cidadao VALUES ('FFFFFFFFFFFFFFFFFFFF', 0, 0, 'Bruna', '000.000.000-06', 'GrKT^NzST&y#zh&7iGyVNi7ks4mS8sW24LRY8BHynwrfyQiRctVb%h^^zzgYn@M*9MurbfztiQy&n7#!Qt#Q$DZFSZLNdmR9^yLx');
INSERT INTO Cidadao VALUES ('GGGGGGGGGGGGGGGGGGGG', 0, 0, 'Kettlem', '000.000.000-07', 'qNzXCRTiJCMYB!YPsPZkEWYkQuosdc%xACiohYRL8Us^6^wbQ*9Me8$32p63zNwZRSS@Qd8kw3Rj%9BRWTrnB3Wqi6wVP*v!%uTe');
INSERT INTO Cidadao VALUES ('HHHHHHHHHHHHHHHHHHHH', 0, 0, 'Dryanne', '000.000.000-08', 'DZ@eDvKcjJP&8VnXUtEeL!cvSA7JCj@2H3C2*HRM^A9W7pa67X7kYcVh8e&hz&!WDP6ytYc7xxx!A#6NWd!$Cr3SXooN@^68c#z%');
INSERT INTO Cidadao VALUES ('IIIIIIIIIIIIIIIIIIII', 0, 0, 'Juan', '000.000.000-09', 'dd@#Jo!PzKboABVDhonEVqk7^9cu5$ZYTgFuStZxwHYYkq6wPr&KZbtvVYBW@TkDiuSCRedQRhU*RRaDVUS3kcFGmgcfjJC5u^ME');



INSERT INTO AgPrefeitura VALUES ('AAAAAAAAAAAAAAAAAAAA','Rio de Janeiro', 'RJ');
INSERT INTO AgPrefeitura VALUES ('BBBBBBBBBBBBBBBBBBBB','São Paulo', 'SP');
INSERT INTO AgPrefeitura VALUES ('CCCCCCCCCCCCCCCCCCCC','Aracaju', 'SE');



INSERT INTO Visita VALUES ('DDDDDDDDDDDDDDDDDDDD',3, TO_TIMESTAMP('2017-03-31 09:30:20', 'YYYY-MM-DD HH:MI:SS'), 'Adorei o lugar!');
INSERT INTO Visita VALUES ('EEEEEEEEEEEEEEEEEEEE',4, TO_TIMESTAMP('2017-05-02 10:30:20', 'YYYY-MM-DD HH:MI:SS'), 'Precisa arrumar melhor...');
INSERT INTO Visita VALUES ('FFFFFFFFFFFFFFFFFFFF',15, TO_TIMESTAMP('2016-07-03 09:30:20', 'YYYY-MM-DD HH:MI:SS'), 'Amei tirar fotos!!');



INSERT INTO Denuncia VALUES (1, 'DDDDDDDDDDDDDDDDDDDD', 28,  TO_TIMESTAMP('2019-07-03 09:30:20', 'YYYY-MM-DD HH:MI:SS'), 'Pixaram um dos vidros', 'Vandalismo');
INSERT INTO Denuncia VALUES (2, 'EEEEEEEEEEEEEEEEEEEE', 16,  TO_TIMESTAMP('2021-05-02 10:30:20', 'YYYY-MM-DD HH:MI:SS'), 'Banheiro está quebrado', 'Manutenção');
INSERT INTO Denuncia VALUES (3, 'FFFFFFFFFFFFFFFFFFFF', 27,  TO_TIMESTAMP('2021-07-03 09:30:20', 'YYYY-MM-DD HH:MI:SS'), 'A obra principal está quebrada.', 'Manutenção');
INSERT INTO Denuncia VALUES (4, 'GGGGGGGGGGGGGGGGGGGG', 15,  TO_TIMESTAMP('2020-07-03 09:30:20', 'YYYY-MM-DD HH:MI:SS'), 'Uma das informações está incorreta', 'Informação Incorreta');
INSERT INTO Denuncia VALUES (5, 'HHHHHHHHHHHHHHHHHHHH', 4,  TO_TIMESTAMP('2021-07-03 09:30:20', 'YYYY-MM-DD HH:MI:SS'), 'Calçadão está depredado', 'Manutenção');



INSERT INTO Auditoria VALUES (1,'AAAAAAAAAAAAAAAAAAAA', TO_TIMESTAMP('2019-07-03 09:30:20', 'YYYY-MM-DD HH:MI:SS'));
INSERT INTO Auditoria VALUES (2,'BBBBBBBBBBBBBBBBBBBB', TO_TIMESTAMP('2019-07-04 09:30:20', 'YYYY-MM-DD HH:MI:SS'));
INSERT INTO Auditoria VALUES (5,'CCCCCCCCCCCCCCCCCCCC', TO_TIMESTAMP('2019-07-05 09:30:20', 'YYYY-MM-DD HH:MI:SS'));



INSERT INTO Evento VALUES ('Aniversário da Cidade', '2019-07-03', '2019-07-10', '09:30:20', '20:30:00', 3, DEFAULT, '', '');
INSERT INTO Evento VALUES ('Show do Lenine', '2019-07-11', '2019-07-11', '10:30:00', '12:00:00', 4, DEFAULT, '', '');
INSERT INTO Evento VALUES ('Show da Banda Calypso', '2019-07-12', '2019-07-12', '11:30:00', '13:00:00', 15, DEFAULT, '', '');



INSERT INTO ConfirmaParticipacao VALUES ('AAAAAAAAAAAAAAAAAAAA', 'Aniversário da Cidade', '2019-07-03');
INSERT INTO ConfirmaParticipacao VALUES ('BBBBBBBBBBBBBBBBBBBB', 'Show do Lenine', '2019-07-11');
INSERT INTO ConfirmaParticipacao VALUES ('CCCCCCCCCCCCCCCCCCCC', 'Show da Banda Calypso', '2019-07-12');
INSERT INTO ConfirmaParticipacao VALUES ('DDDDDDDDDDDDDDDDDDDD', 'Show do Lenine', '2019-07-11');
INSERT INTO ConfirmaParticipacao VALUES ('EEEEEEEEEEEEEEEEEEEE', 'Show da Banda Calypso', '2019-07-12');
INSERT INTO ConfirmaParticipacao VALUES ('AAAAAAAAAAAAAAAAAAAA', 'Show da Banda Calypso', '2019-07-12');

INSERT INTO relatorio_espacopublico(epublico, periodo, datahoraemissao, obs, anexo) VALUES (16, '[2021-11-01,2021-12-01)', CURRENT_TIMESTAMP, 'Relatório de visitas ao Museu de Arte de São Paulo de Nov./2021.', NULL);
INSERT INTO relatorio_espacopublico(epublico, periodo, datahoraemissao, obs, anexo) VALUES (28, '[2020-01-01,2021-01-01)', CURRENT_TIMESTAMP, 'Relatório de denúncias relacionadas ao Bondinho em 2020.', NULL);


